msg;category
Guten Tag!;greeting
Einen schönen guten Tag!;greeting
Guten Tag;greeting
Ein herzliches guten Tag!;greeting
guten Tag!;greeting
Guten Abend!;greeting
guten Abend!;greeting
Einen angenehmen guten Abend.;greeting
Einen schönen guten Tag!;greeting
schönen Abend!;greeting
moinn;greeting
Morgen;greeting
hello;greeting
Moin;greeting
Hallöchen;greeting
Haaallloooo;greeting
Hallo;greeting
Guten Moooorgen;greeting
Wuuhuuuuuuu;greeting
Moin Moin!;greeting
hi;greeting
hej;greeting
hey;greeting
good Morning;greeting
good Evening;greeting
wuhuu <3;greeting
hiii;greeting
Hey;greeting
good day;greeting
tag;greeting
Was ist eine Künstliche Inteligenz? ;undefined
Alternativen Raspberry Pi 4;undefined
Was bedeutet… ?;undefined
What does … mean;undefined
What is XY;undefined
Was ist X?;undefined
Wo ist der Unterschied zwischen A und B?;undefined
Where is the difference between C and D;undefined
Kannst du mir den Unterschied zwischen X Z und Y sagen?;undefined
Wie wird sich das Wetter heute in meiner Stadt entwickeln?;undefined
Wie kann ich ein bestimmtes Gericht kochen?;undefined
Wie finde ich einen Job der zu mir passt?;undefined
What are some effective study techniques for exams?;undefined
How can I enhance my creativity and come up with new ideas?;undefined
How can I prepare for a job interview?;undefined
Wie kann ich ein Unternehmen gründen?;undefined
Wie kann ich besser schlafen?;undefined
Wie kann ich meine Zeit effektiver nutzen?;undefined
How can I make my website more SEO-friendly?;undefined
How can I learn a new programming language?;undefined
Welche Programmiersprache empfiehlt sich für das und das, wenn ich das und das machen will?;undefined
Wie stehen meine Chancen XY zu erreichen?;undefined
Was benutzte ich Pacman?;undefined
How do I use apt on Debian 11;undefined
Kannst du mir sagen, wie ich XY mache?;undefined
Can you tell me howe I can Z?;undefined
Hi, kannst du mir helfen … zu machen?;undefined
Hey can you help me to do …;undefined
Suche…;undefined
Search…;undefined
Was denkst du zu?;undefined
What do you think about XY…;undefined
Wie findest du meine Idee: …?;undefined
Wie geht es dir?;undefined
How are you?;undefined
What about you?;undefined
Was denkst du?;undefined
Wie fühlst du?;undefined
Was bist du?;undefined
What are you?;undefined
Kannst du sprechen?;undefined
Can you speak?;undefined
Verstehtst du?;undefined
Do You understand;undefined
Was hältst du von…;undefined
Magst du XYZ?;undefined
Was kannst du?;undefined
Wie funktionierst du?;undefined
What is your opinion on the future of AI?;undefined
Do you think AI will ever surpass human intelligence?;undefined
Was ist deine Meinung zur Zukunft von KI?;undefined
Wie denkst du, wird KI den Arbeitsmarkt in Zukunft verändern?;undefined
How do you think AI will change the job market in the future?;undefined
How do you feel about the use of AI in healthcare?;undefined
What is your opinion on the ethical implications of artificial intelligence?;undefined
Do you believe that AI can ever truly replicate human creativity?;undefined
Wie ist deine Meinung zu den ethischen Implikationen von künstlicher Intelligenz?;undefined
Welches sind deiner Meinung nach die größten Herausforderungen im Bereich des maschinellen Lernens?;undefined
Wie stehst du zur Debatte um KI, die menschliche Arbeitskräfte ersetzt;undefined
Glaubst du, dass KI jemals menschliche Kreativität wirklich replizieren kann;undefined
Mir geht es gut;undefined
I'm good;undefined
Das stimmt nicht;undefined
That is wrong;undefined
I'm having trouble navigating a difficult conversation with a close friend.;undefined
KI ist gefährlich.;undefined
Ich habe Schwierigkeiten, ein schwieriges Gespräch mit einem engen Freund zu führen.;undefined
Du bist dumm!;undefined
WTF?!;undefined
Oha!;undefined
Ohh;undefined
Ich wusste nicht das du sprechen kannst.;undefined
Ich glaube, dass XY..;undefined
Naja, das war jetzt schwach;undefined
mhmmh, that was weak;undefined
I didn't know, that …;undefined
Du antwortest?;undefined
c57846q3thfjk;undefined
2364gtuzfiaehwkgj;undefined
deine Meinung zu..;undefined
aha;undefined
danke;undefined
Danke dir;undefined
Thank you very much;undefined
Thank you;undefined
Cool, thank you;undefined
Ich danke dir;undefined
Gracias;undefined
Sag mal XA7rzt54ui;undefined
Danke;undefined
